MBR_ID,FIRST_NM,LAST_NM,DOB,ENROLL_DT,PLAN_CD,PREMIUM_AMT,STATUS
M000101,  maria  ,GONZALEZ,1958-03-12,2021-01-01,HMO,"$1,240.00",A
M000102,james,o'brien,04/22/1946,2021-01-01,ppo,980.50,ACTIVE
M000103,LI,chen,15-Jul-1963,03/01/2021,DSNP,$0.00,A
M000104,robert,smith-jones,1971-11-30,2021-02-15,MMP,"1,875.25",T
M000105,,nguyen,1955-06-08,2021-02-15,HMO,1100.00,A
M000106,priya,patel,1980-13-45,2021-03-01,PPO,1340.00,A
M000107,david,kim,1949-09-17,2021-03-01,XYZ,1200.00,A
M000108,sarah,ahmed,1962-02-28,2021-03-15,DSNP,"$9,999.00",A
M000109,ANNA,kowalski,1968-05-19,2019-01-01,HMO,1050.75,TERM
M000110,thomas,wright,1975-08-03,2021-04-01,MMP,,P
BADID11,helen,carter,1953-12-25,2021-04-01,HMO,1425.00,A
M000112,omar,hassan,2030-01-01,2021-04-15,PPO,1290.00,A
M000113,grace,okafor,1966-10-11,1960-01-01,HMO,1175.00,A
M000102,james,o'brien,04/22/1946,2021-01-01,ppo,980.50,ACTIVE
M000115,yuki,tanaka,1959-04-07,2021-05-01,dsnp,"$ 1,025.00 ",a
M000116,carlos,rivera,1972-01-22,2021-05-01,MMP,1660.00,ACTIVE
M000117,fatima,ali,1961-07-14,2021-05-15,HMO,abc,A
M000118,peter,novak,1948-03-09,2021-06-01,PPO,1310.00,Z
M000119,elena,petrova,1970-12-01,2021-06-01,DSNP,1495.00,ACTIVE
M000120,samuel,adeyemi,1957-09-25,2021-06-15,HMO,1220.00,T
